Joshua,Pineda,10/10/2001,JPineda01,1234
Steve,Pineda,10/10/2005,SPineda05,123
Will,Smith,10/10/1980,WSmith80,54321
Bob,Stone,10/10/1975,BStone75,123456
Jeff,Bezos,10/10/1960,JBezos60,1111
Wes,Snipes,12/12/1990,WSnipes90,2121
You,Tube,10/10/2000,YTube00,2222
Jack,Reach,2022-04-11,JReach11,12345678
jerry,rice,13/12/2000,jrice00,12345678
tim,horton,08/04/2022,thorton22,12345678
jeff,derk,05/01/2007,jderk07,12345678
Jaccob,Collier,12/04/2005,JCollier05,12345678
Drew,Worthen,02/08/1993,DWorthen93,dancer28
F,F,13/04/2022,FF22,dancer28
drew,wor,14/04/2022,dwor22,dancer28
d,d,13/04/2022,dd22,danmlw28
Helen,Tro,12/04/2022,HTro22,helen123
jack,daniels,14/04/2004,jdaniels04,cutiepie45
Hollu,Humnan,10/10/2011,HHumnan11,babygotback44
d,dd,07/04/2022,ddd22,11111111
s,s,11/04/2022,ss22,Invalid Password
